feature,auc_drop
prev_score,0.15495906657175545
hist_visits_w3,0.011985165636714923
month,0.002069594487321913
year,0.0
hist_crit_rate_w3,-6.414807367793873e-05
