feature,auc_drop
prev_score,0.14843601040451504
hist_visits_w3,0.010590913196340979
month,0.0014601918002904446
year,0.0
hist_crit_rate_w3,-3.6994818995772505e-05
