{
  "roc_auc": 0.6529575130622355,
  "pr_auc": 0.5720201578577854
}