{
  "roc_auc": 0.6517357725317157,
  "pr_auc": 0.5717755744769666
}